{"path":[{"R":[0.6499853730201721,0.25992491841316223,0.29441359639167786,0.6505987048149109],"T":[0.4427434206008911,1.4007154703140259,0.4608604311943054],"aperture_size":0.0,"fov":23.880001068115234,"glow_mode":0,"glow_y_cutoff":0.0,"scale":0.47938087582588196,"slice":0.0},{"R":[0.6523818969726563,0.25636887550354004,0.29070767760276794,0.6512771248817444],"T":[0.5951367020606995,-0.15789932012557983,0.43591973185539246],"aperture_size":0.0,"fov":23.880001068115234,"glow_mode":0,"glow_y_cutoff":0.0,"scale":0.455247163772583,"slice":0.0}],"time":1.0}